{
    "accuracy": 0.75,
    "precision": 0.875,
    "recall": 0.75,
    "f1": 0.7666666666666667,
    "confusion_matrix": [
        [
            2,
            1
        ],
        [
            0,
            1
        ]
    ],
    "class_report": {
        "Hombre": {
            "precision": 1.0,
            "recall": 0.6666666666666666,
            "f1-score": 0.8,
            "support": 3.0
        },
        "Mujer": {
            "precision": 0.5,
            "recall": 1.0,
            "f1-score": 0.6666666666666666,
            "support": 1.0
        },
        "accuracy": 0.75,
        "macro avg": {
            "precision": 0.75,
            "recall": 0.8333333333333333,
            "f1-score": 0.7333333333333334,
            "support": 4.0
        },
        "weighted avg": {
            "precision": 0.875,
            "recall": 0.75,
            "f1-score": 0.7666666666666667,
            "support": 4.0
        }
    }
}